id;source_type;mc_user_id;tml_user_id;vm_sys_default_mode_conf;vm_sys_sync_cycle_conf;vm_sys_sync_cycle_unit_conf;vm_sys_target_display_name_conf;vm_live_default_mode_conf;vm_live_default_timerange_conf;vm_live_position_cycle_conf;vm_live_position_cycle_unit_conf;vm_live_tracking_amplitude_conf;vm_live_tracking_amplitude_unit_conf;sar_sys_sync_cycle_conf;sar_sys_sync_cycle_unit_conf;sar_sys_object_display_name_01_conf;sar_sys_object_display_name_02_conf;create_date;create_uid;last_update;last_update_uid
1;Fish;Balanced AGP su;analyzing RSS;Frozen Rial;58683;compressing;Implementation Custo;brand;expedite;14041;Metal Alaska 4th;28922;Industrial;21081;Account niches migration;background;withdrawal yellow Arab;2022-04-19T03:25:28;Cambridgeshire ;2022-04-18T21:57:37;non-volatile
2;gold Libyan;white Dynamic C;Dynamic Metal;Investment Avon silv;76753;Cambridgeshire Planner expedite;Corporate Savings Ha;Savings;cross-media Tobago;1100;solutions Home Division;51334;metrics projection responsive;3328;Gorgeous;Cambridgeshire Central;Liechtenstein;2022-04-18T17:18:40;Greens;2022-04-18T17:44:02;Credit
3;Communications;Park;override defini;Progressive Internat;41771;payment transmitter;Integration extend;Gorgeous;withdrawal Account;85816;challenge Plastic;11457;payment Progressive Generic;77103;impactful Pants;Solutions;24/7 revolutionary Cheese;2022-04-19T08:47:18;Loan Palladium;2022-04-19T14:50:52;Borders RAM
4;asynchronous;multi-byte capa;FTP;compelling Guilder L;48081;end-to-end;Baby Krona;protocol copy magenta;Keyboard;12600;wireless;76810;Officer;42697;Planner Global;Pizza SQL;Plastic index and;2022-04-19T13:48:52;matrix Sausages;2022-04-18T17:33:58;Way Implementat
5;gold Investment Camb;driver;Outdoors;Infrastructure Forwa;24361;Road Account Synergistic;withdrawal Arizona;Metrics Centralized transmitter;Home Interactions Account;22282;protocol invoice;45020;methodologies wireless Infrastructure;57113;Leu transmit;Quality-focused;Cambridgeshire Account Dollar;2022-04-18T16:54:35;Kansas Pre-empt;2022-04-18T16:20:06;Cheese payment
6;Intelligent digital;JSON Bedfordshi;Integration;card Assistant;52310;Cambridgeshire Operations optical;Fresh Realigned proa;interface;Frozen Plastic Shirt;22401;Games;79029;Credit;13847;Rubber Infrastructure Integration;deposit Integrated Nebraska;neural-net Wooden e-commerce;2022-04-19T06:23:49;function;2022-04-19T06:45:04;Chips
7;Concrete Pants;Games;Buckinghamshire;Borders embrace Wood;96474;Expanded interface Focused;pixel;internet parsing Pierre;Lakes Gorgeous;17799;Engineer Awesome Concrete;81128;New Uruguay;76663;adapter Ergonomic Auto;ivory engineer;Networked haptic Omani;2022-04-18T22:18:54;copying redunda;2022-04-19T08:09:33;Rustic Home Ref
8;Reactive Unbranded F;Practical imple;Mississippi Dir;regional seamless Pe;51168;Avon;transform online Bal;Thailand Functionality capacitor;Frozen;12775;e-markets back;16037;invoice moratorium e-commerce;39935;lime Lead;interactive scale Tuna;Director Streets;2022-04-18T23:01:13;bypassing;2022-04-18T18:50:34;hack
9;Inverse payment;Chair bandwidth;Montana transmi;Soft;39375;Iraq;Street;Darussalam Functionality program;Fish;13455;Puerto Salad Dollar;46764;Dollar Liaison Industrial;14014;multi-byte Dynamic;Kuwait strategy;RSS;2022-04-19T13:11:35;Indiana Steel e;2022-04-19T03:56:46;Buckinghamshire
10;Slovenia architectur;circuit RAM Imp;Berkshire fresh;JSON Swedish;62683;auxiliary Dominican District;Sleek Sausages;Balboa Liaison;Savings leverage;55480;reciprocal Future-proofed;19819;Grocery Product;26893;Account;cross-platform Assurance deposit;neural-net;2022-04-19T14:31:37;COM Account;2022-04-18T21:35:48;FTP integrated 
